{
  "accuracy": 0.75,
  "precision": 0.8333333333333333,
  "recall": 0.75,
  "f1": 0.7333333333333334,
  "auroc": 1.0
}